{
    "RMS": 0.34215976260918884,
    "coefs": [
        [
            0.04693983904457759,
            -0.18829016500050536,
            -0.0017354801905835203,
            0.005399226659559726,
            0.10299893501021898
        ]
    ],
    "extrinsic": [
        [
            0.999254663578498,
            -0.011511210661734776,
            -0.03684575071461988,
            -115.14322386654003
        ],
        [
            0.010428184758620482,
            0.9995117990972058,
            -0.029451934199760683,
            -48.84742464173668
        ],
        [
            0.03716679000482586,
            0.02904574830449581,
            0.9988868675811937,
            185.9470928932969
        ]
    ],
    "intrinsic": [
        [
            995.4438214711158,
            0.0,
            652.1988269026922
        ],
        [
            0.0,
            992.7504987008554,
            318.0753530107387
        ],
        [
            0.0,
            0.0,
            1.0
        ]
    ]
}