{
    "vision": {
        "cubes": [
            {
                "y": 170,
                "x": 1251,
                "colour": 0
            }
        ],
        "obstacles": [
            {
                "y": 484,
                "x": 576
            }
        ],
        "robot": {
            "y": -1,
            "x": -1,
            "angle": 0
        },
        "path": {
            "actual": [{"x":100, "y":200}],
            "currentPlan": [{"x":100, "y":200}],
            "oldPlans": [
                [{"x":100, "y":200}],
                [{"x":100, "y":200}]
            ]
        }
    },
    "cubes": [
        {
            "position": {
                "x": 2.5041587575496114,
                "y": 0.3402933563416738
            },
            "colour": 0
        }
    ],
    "obstacles": [
        {
            "position": {
                "x": 1.1529939603106125,
                "y": 0.9688352027610008
            }
        }
    ],
    "robot": {
        "position": {
            "x": -0.0020017256255392578,
            "y": -0.0020017256255392578
        },
        "angle": 0
    },
    "time": {
        "start": 12000,
        "stop": 12500
    },
    "flag": {
        "visual": [
            [5, 2, 2],
            [5, 3, 3],
            [99, 99, 99]
        ],
        "name": "Canada",
        "number": 1
    },
    "nextColour": 2
}